num_jobs,service_time,eps,instance_number,rep_number,OPT,preemptive,non-preemptive,pre-non-pre
5.0,20000.0,0.001,1.0,100.0,750.3585928271742,794.9232970367343,752.7484049738779,782.5590273550928
5.0,20000.0,0.001,2.0,100.0,749.9773961058468,743.8783607892447,739.8598068603168,719.8207591971504
5.0,20000.0,0.001,3.0,100.0,749.7644248325688,758.5402051804152,725.6024717090582,712.8947900643087
5.0,20000.0,0.001,4.0,100.0,748.9768489880498,789.0227754211344,690.2651060009077,774.4742323814047
5.0,20000.0,0.001,5.0,100.0,749.4944051370572,806.4359991068809,790.1409852382088,810.1444522545787
5.0,20000.0,0.001,6.0,100.0,749.0771024062967,786.4214280418039,787.7128968069796,667.6302157776853
5.0,20000.0,0.001,7.0,100.0,749.9687521023151,694.2113845658023,752.0276674796318,824.1863669259598
5.0,20000.0,0.001,8.0,100.0,749.6891027869252,791.7486143439353,767.2534058558807,778.2665685596902
5.0,20000.0,0.001,9.0,100.0,749.410433712756,731.2596093237271,784.4224327800287,735.4704456969336
5.0,20000.0,0.001,10.0,100.0,749.9186471204576,786.1944553829318,790.0004072103128,790.392378441151
5.0,20000.0,0.001,11.0,100.0,749.761887265046,770.1210275051003,808.6296250559903,697.2638980006908
5.0,20000.0,0.001,12.0,100.0,749.6021550471112,744.8479645861232,776.1422725171274,719.7390050186863
5.0,20000.0,0.001,13.0,100.0,750.3799035182768,791.3317978105728,772.1466763478438,773.0971889743871
5.0,20000.0,0.001,14.0,100.0,749.7202247294922,784.178931260623,713.4323795932111,760.4219720459688
5.0,20000.0,0.001,15.0,100.0,750.4152104195587,763.5233508152537,763.2574513710298,787.0006652282707
5.0,20000.0,0.001,16.0,100.0,750.0195500720648,712.7453201257581,700.9814127250772,826.6742490072095
5.0,20000.0,0.001,17.0,100.0,749.7755277996222,759.4013681501393,713.9564007215653,743.4099341876477
5.0,20000.0,0.001,18.0,100.0,749.0246931852388,737.9247681429476,709.0269863053578,747.7815024093236
5.0,20000.0,0.001,19.0,100.0,750.2624246296599,756.0380160388735,756.028967787404,716.5717926318449
5.0,20000.0,0.001,20.0,100.0,749.7092220151892,728.5031524639122,737.3427713190613,728.287161795573
5.0,20000.0,0.001,21.0,100.0,749.5060231514522,778.1795680218788,791.3600543474413,755.6703760267807
5.0,20000.0,0.001,22.0,100.0,749.2994674017159,732.9790906013609,738.2455166520251,775.4152207919209
5.0,20000.0,0.001,23.0,100.0,749.4872741911363,830.7106650766292,702.1192080533713,717.9851371901518
5.0,20000.0,0.001,24.0,100.0,749.4351253172576,739.8358758780348,738.3384581134508,715.2531904311403
5.0,20000.0,0.001,25.0,100.0,749.5519959294228,744.4224508077527,706.2312910271753,813.6568334633107
5.0,20000.0,0.001,26.0,100.0,749.2806886029358,776.7908432296898,769.4554085351238,680.1064866581626
5.0,20000.0,0.001,27.0,100.0,749.8807210173088,690.0939205144491,729.3680258609583,797.848283135427
5.0,20000.0,0.001,28.0,100.0,749.3076174944079,781.2988172181282,745.7868304826701,804.5303714778831
5.0,20000.0,0.001,29.0,100.0,749.3953438471291,738.4134930286698,772.9520434729898,729.2401521865089
5.0,20000.0,0.001,30.0,100.0,749.7658140249733,710.3758558557596,716.5481354185986,722.5310469924184
5.0,20000.0,0.001,31.0,100.0,749.7988468564994,744.0825025240637,694.6571782258687,772.3110880414818
5.0,20000.0,0.001,32.0,100.0,749.4287188399059,764.0564495624009,749.0802567023163,745.5696557572495
5.0,20000.0,0.001,33.0,100.0,749.2938292068018,750.8415903192122,781.8474021970517,722.2370295350469
5.0,20000.0,0.001,34.0,100.0,749.4341948714628,775.2623576985901,813.4320409057201,752.8151727646393
5.0,20000.0,0.001,35.0,100.0,750.3708981022464,723.9221613664107,733.3501866857208,756.2803144680313
5.0,20000.0,0.001,36.0,100.0,749.1201761354683,718.7595982746817,667.3372098508896,723.8933694803453
5.0,20000.0,0.001,37.0,100.0,749.2167565784102,723.6213635677573,768.4547405919055,741.477125133618
5.0,20000.0,0.001,38.0,100.0,750.2986473907688,773.3542569377722,720.9606365179825,737.8412266092148
5.0,20000.0,0.001,39.0,100.0,750.3754804092167,768.163679593588,757.7514267503743,800.4321538169803
5.0,20000.0,0.001,40.0,100.0,749.2716388611905,754.2081938735557,767.1537285635512,684.641645582978
5.0,20000.0,0.001,41.0,100.0,749.7426814469882,702.4316936952698,863.5587196748886,714.5333729966839
5.0,20000.0,0.001,42.0,100.0,750.020815448627,763.2780242085205,801.5633434680307,718.0594920991458
5.0,20000.0,0.001,43.0,100.0,749.7090814934361,743.599838370661,679.6350276213698,776.1491646571666
5.0,20000.0,0.001,44.0,100.0,750.059497337822,807.0206494488408,734.6024015349179,747.5055376734731
5.0,20000.0,0.001,45.0,100.0,750.3980284758568,723.6140442542661,749.9444418052065,764.5641307499801
5.0,20000.0,0.001,46.0,100.0,750.2497378974214,766.7141641183348,723.3480224017082,765.9736677352984
5.0,20000.0,0.001,47.0,100.0,749.7956876282037,779.8422798686157,761.0883864148187,816.4725167808507
5.0,20000.0,0.001,48.0,100.0,749.9353962395151,756.7692736563351,833.5396149179393,795.5551102037856
5.0,20000.0,0.001,49.0,100.0,749.9309339669337,732.206911538571,749.6082282584946,694.791289561783
5.0,20000.0,0.001,50.0,100.0,749.4699703276871,720.4992932625548,723.4056666326453,754.7542866058052
5.0,20000.0,0.001,51.0,100.0,749.2355905519826,780.3388473939583,695.3845077601935,692.1563465758153
5.0,20000.0,0.001,52.0,100.0,750.4072876498549,820.1748572228139,705.3902768179379,735.4087084681929
5.0,20000.0,0.001,53.0,100.0,750.750041223783,741.8469223222678,723.1360043411722,764.8269908711283
5.0,20000.0,0.001,54.0,100.0,749.1142577736441,713.8943230466452,724.4895753104088,774.0301197502043
5.0,20000.0,0.001,55.0,100.0,749.506880309279,715.307445990088,750.860866491766,722.2268559992857
5.0,20000.0,0.001,56.0,100.0,749.7865644176442,737.1433813849915,744.3592670332837,806.1606380351964
5.0,20000.0,0.001,57.0,100.0,749.0814242781639,764.2262049306952,802.2013155181359,757.517961294852
5.0,20000.0,0.001,58.0,100.0,749.1956634650471,792.3846506035602,747.1049805178346,769.4810146661276
5.0,20000.0,0.001,59.0,100.0,749.8345881421025,730.6407037239937,753.5259254369525,705.1174649563037
5.0,20000.0,0.001,60.0,100.0,750.5608015784857,716.861214966167,732.0679097061363,790.7443443830967
5.0,20000.0,0.001,61.0,100.0,749.4458189002252,742.7133384998638,694.0585123607857,744.7554244301492
5.0,20000.0,0.001,62.0,100.0,749.7404897933448,686.0471117056071,763.6628870191141,716.1247048624791
5.0,20000.0,0.001,63.0,100.0,749.3308304187165,735.9493039828185,716.8991076993171,716.3761780929207
5.0,20000.0,0.001,64.0,100.0,749.618208052624,737.8597052948602,713.4774279912803,715.0713352468679
5.0,20000.0,0.001,65.0,100.0,749.548068741896,784.6432981618791,816.2577589340417,785.8610699407884
5.0,20000.0,0.001,66.0,100.0,749.4576420644472,779.268672832563,838.7281407667662,709.5132626109194
5.0,20000.0,0.001,67.0,100.0,749.494611298725,774.4953512914345,713.5945130716786,736.0163682340648
5.0,20000.0,0.001,68.0,100.0,750.1741022173767,731.5818632907918,746.5386050683843,785.5061212711531
5.0,20000.0,0.001,69.0,100.0,749.0562120918445,745.1091374522035,789.7453970642221,783.7619508737203
5.0,20000.0,0.001,70.0,100.0,749.0564419325203,764.8745241672087,778.4467581125937,740.8437050007651
5.0,20000.0,0.001,71.0,100.0,749.6275174151285,787.9434790218255,763.4310678760761,781.9625376056697
5.0,20000.0,0.001,72.0,100.0,749.677381799741,661.0342912910872,826.5750076202053,746.6904851682672
5.0,20000.0,0.001,73.0,100.0,749.9971620723967,746.6129607696785,738.8186835418088,775.9141325035408
5.0,20000.0,0.001,74.0,100.0,750.5086783795326,753.2528407119772,728.3962917601763,755.1370214732907
5.0,20000.0,0.001,75.0,100.0,749.5760814382922,769.4629249671196,753.0220457730135,772.185910095222
5.0,20000.0,0.001,76.0,100.0,749.8705061168978,770.2320252505908,736.1417784515797,720.7634033647397
5.0,20000.0,0.001,77.0,100.0,749.1640737725065,787.8036980855603,760.3679701297577,794.5936191615077
5.0,20000.0,0.001,78.0,100.0,750.1622471541227,738.7043405649123,789.4038028513643,897.8416857851238
5.0,20000.0,0.001,79.0,100.0,749.3846207003055,763.19170030282,793.1938929804184,771.1468150684273
5.0,20000.0,0.001,80.0,100.0,749.2992437727063,754.7043617078224,788.5127625192098,748.0077017195093
5.0,20000.0,0.001,81.0,100.0,749.2150415945828,766.866947966288,768.3960967489686,731.5665350623636
5.0,20000.0,0.001,82.0,100.0,749.6450795903745,697.3391880879782,693.1300965131802,718.6449762502498
5.0,20000.0,0.001,83.0,100.0,749.39619939258,713.4439812169722,673.4602810605709,743.1486104420446
5.0,20000.0,0.001,84.0,100.0,749.5658699270211,778.9209633785173,785.532870981479,742.4814517974529
5.0,20000.0,0.001,85.0,100.0,749.1207246067153,808.1082448850261,797.0303341291097,744.4618358279849
5.0,20000.0,0.001,86.0,100.0,749.2242548114829,748.305142846159,757.0845964280487,811.0000330412257
5.0,20000.0,0.001,87.0,100.0,749.3890800346719,709.6516781376372,758.8919604255805,768.9413383276932
5.0,20000.0,0.001,88.0,100.0,749.5189317366887,750.9303077192578,722.2215153657593,731.3137046851291
5.0,20000.0,0.001,89.0,100.0,750.2930241086052,720.8085942470627,780.2583208402295,727.0131209997028
5.0,20000.0,0.001,90.0,100.0,750.2143022523024,746.5057141266824,780.7107355710558,746.5901954830067
5.0,20000.0,0.001,91.0,100.0,749.3748124556598,765.9687437101406,804.2802511092599,770.0141555323676
5.0,20000.0,0.001,92.0,100.0,749.1063539072752,752.2760285707429,711.7621313087227,798.8555319973852
5.0,20000.0,0.001,93.0,100.0,749.0956084121433,717.1088977727393,775.3963022621962,785.7779584591859
5.0,20000.0,0.001,94.0,100.0,749.8631201030611,725.9740728125987,715.1916452255364,756.0341563665663
5.0,20000.0,0.001,95.0,100.0,749.9236559368982,823.3218150335298,737.5648471465387,741.5022364464469
5.0,20000.0,0.001,96.0,100.0,749.6744722654622,800.9519369284767,820.9938239013292,741.1416071548648
5.0,20000.0,0.001,97.0,100.0,749.3750090386734,713.7957181893504,675.775604782861,704.756720385999
5.0,20000.0,0.001,98.0,100.0,749.5518263450623,752.8867298898415,777.0488407413942,672.0416909149683
5.0,20000.0,0.001,99.0,100.0,749.4138935107749,721.3525724076108,732.7437615543677,780.1921425861754
5.0,20000.0,0.001,100.0,100.0,749.9742091186789,728.2551558070422,766.7003253500313,702.1735217848312
5.0,20000.0,0.1,1.0,100.0,715.8949675032202,789.0294145080313,854.3992101740554,745.0075990231658
5.0,20000.0,0.1,2.0,100.0,670.7906824365087,617.1809199270136,682.8983943116326,714.0729180484958
5.0,20000.0,0.1,3.0,100.0,753.8311520690692,718.5549427704387,785.3653938855279,721.7808649422177
5.0,20000.0,0.1,4.0,100.0,676.1648541496683,668.0346372285334,667.0328485686911,651.4009269388972
5.0,20000.0,0.1,5.0,100.0,689.729570754243,704.2207941377126,632.9548794482249,738.1364823103368
5.0,20000.0,0.1,6.0,100.0,639.5974796781973,631.8149435369156,686.3987733367118,623.7939984859521
5.0,20000.0,0.1,7.0,100.0,769.8568379865919,797.0807713137875,738.2952714117984,787.8981411883632
5.0,20000.0,0.1,8.0,100.0,714.7924621447785,751.9843636214787,777.3044504958066,680.4377748615327
5.0,20000.0,0.1,9.0,100.0,645.2730115400366,643.1068644707752,642.1230092905083,643.5410241127744
5.0,20000.0,0.1,10.0,100.0,703.6735483503735,689.7467386370938,710.5245991654306,669.9251615271803
5.0,20000.0,0.1,11.0,100.0,656.5249191052103,642.9409395976332,738.0988989955673,666.8072569543916
5.0,20000.0,0.1,12.0,100.0,678.8240042926387,715.1083168678418,692.0211721744904,702.0420598511473
5.0,20000.0,0.1,13.0,100.0,707.5324828778676,678.2491406996241,708.9278063037738,699.8207944461534
5.0,20000.0,0.1,14.0,100.0,706.6256235266836,726.3511296319717,687.2871393592834,697.3877217438031
5.0,20000.0,0.1,15.0,100.0,714.2312191789565,711.2061127881587,735.5543866587578,705.1100809480909
5.0,20000.0,0.1,16.0,100.0,723.6713153601899,712.1850728468254,715.7441114921593,766.5182961167293
5.0,20000.0,0.1,17.0,100.0,731.1888014428678,752.5864313603357,819.1702044641228,805.3478065070012
5.0,20000.0,0.1,18.0,100.0,737.7471678577742,708.3568980781369,741.1713805196061,740.2197935998967
5.0,20000.0,0.1,19.0,100.0,675.7513897002891,665.9623306619525,737.9556706372063,723.1604583798489
5.0,20000.0,0.1,20.0,100.0,683.3829344072786,728.6652002313634,679.3450534347876,699.9638963681102
5.0,20000.0,0.1,21.0,100.0,777.4956559118131,730.6519383371684,879.552236057775,784.6789924271786
5.0,20000.0,0.1,22.0,100.0,684.2946405919713,657.2800643062643,725.1047492284157,696.2512601444797
5.0,20000.0,0.1,23.0,100.0,654.6168830622331,669.7716039284272,700.9896737544301,641.5904598723002
5.0,20000.0,0.1,24.0,100.0,680.0780573587963,671.3724357061258,658.5138424755618,696.085771159483
5.0,20000.0,0.1,25.0,100.0,635.0319525959328,664.6575961223263,667.1586039892634,660.2720048115339
5.0,20000.0,0.1,26.0,100.0,720.3563328628661,750.9619769718448,747.9769746549753,729.7907031028967
5.0,20000.0,0.1,27.0,100.0,706.4809454065172,760.8859104667247,758.4188154146046,747.2159174390907
5.0,20000.0,0.1,28.0,100.0,810.0721079033623,834.9578746763806,814.7202827755151,867.2964384900722
5.0,20000.0,0.1,29.0,100.0,721.4904838074917,725.9296326957904,717.9640721954734,695.5028460505057
5.0,20000.0,0.1,30.0,100.0,744.433964339167,683.2554419608794,773.4568434922319,768.3072534858417
5.0,20000.0,0.1,31.0,100.0,659.8862588106238,677.2255818411472,707.8695011818878,660.0344735549683
5.0,20000.0,0.1,32.0,100.0,709.6660561649126,652.4140854874847,792.5194690523464,724.3710734778786
5.0,20000.0,0.1,33.0,100.0,695.6423992197737,596.9723025709508,731.3979523261831,692.6652229630291
5.0,20000.0,0.1,34.0,100.0,753.4083364630801,802.2339591137718,810.4565734060349,806.9978370872934
5.0,20000.0,0.1,35.0,100.0,686.0434865773927,730.7746828274215,695.7729847020389,694.74360164441
5.0,20000.0,0.1,36.0,100.0,740.0232418027298,713.8935940150218,784.0695047800702,792.6641660603813
5.0,20000.0,0.1,37.0,100.0,719.255351363851,685.5249775679721,761.8565418549942,703.1161770769687
5.0,20000.0,0.1,38.0,100.0,737.7850688450093,743.7534012792082,737.4047619721626,701.6315459151082
5.0,20000.0,0.1,39.0,100.0,730.1536981787465,799.1738529682171,840.735691437176,765.0362115357094
5.0,20000.0,0.1,40.0,100.0,730.2347224920065,699.4471697638305,721.4112790319248,700.3501468184119
5.0,20000.0,0.1,41.0,100.0,698.8500352079573,708.3290786009436,717.2017080833738,730.3708444033151
5.0,20000.0,0.1,42.0,100.0,696.8883039201972,706.8740995018849,683.6410934410283,657.6139408141007
5.0,20000.0,0.1,43.0,100.0,670.966309996856,636.6635485599238,680.3648986325496,677.9687761773015
5.0,20000.0,0.1,44.0,100.0,776.2457998785367,795.210292186574,851.0787944840814,775.5021538467306
5.0,20000.0,0.1,45.0,100.0,714.5255844643613,750.2256573309802,730.0616359009073,705.784551440449
5.0,20000.0,0.1,46.0,100.0,773.8604513249634,837.6217821195627,751.518323203965,800.3702798364418
5.0,20000.0,0.1,47.0,100.0,717.7984088905338,702.1204532510434,712.1073071283812,735.4264352927628
5.0,20000.0,0.1,48.0,100.0,695.3394055956392,735.820153966375,720.6882189613541,777.3881977769045
5.0,20000.0,0.1,49.0,100.0,727.9457380343688,696.7383550228172,738.5211926922177,705.3445337732991
5.0,20000.0,0.1,50.0,100.0,779.806939292404,795.7300042941431,855.2137447643181,759.9546948632408
5.0,20000.0,0.1,51.0,100.0,751.2762217140597,814.0897511058888,737.5719957539209,717.8698696129541
5.0,20000.0,0.1,52.0,100.0,725.5067207550078,744.4902150180278,687.9400821898671,736.3548182835518
5.0,20000.0,0.1,53.0,100.0,704.7607667718237,754.0220746641305,732.8252680195473,685.4656981402591
5.0,20000.0,0.1,54.0,100.0,753.6936351885538,798.0987059712945,748.1258856056066,756.9891932209392
5.0,20000.0,0.1,55.0,100.0,682.3606812167781,662.2857513386739,649.1013250635713,676.0506556383081
5.0,20000.0,0.1,56.0,100.0,667.6327398311632,633.2701588678407,661.8181192176668,649.4910837863866
5.0,20000.0,0.1,57.0,100.0,716.8795106970404,701.3753737116666,643.4827079715905,722.1882673166098
5.0,20000.0,0.1,58.0,100.0,717.1017133653827,781.0250239490275,741.8956488736346,676.5559462812339
5.0,20000.0,0.1,59.0,100.0,736.0372163321349,731.0683766094487,768.5875712149514,727.7767111307312
5.0,20000.0,0.1,60.0,100.0,731.333581659871,754.2628196269384,688.3107119293712,759.8656602472028
5.0,20000.0,0.1,61.0,100.0,664.5880800108582,691.9784914680786,724.7786544921249,676.5437590147893
5.0,20000.0,0.1,62.0,100.0,682.1829050385054,677.7350141612155,699.8351967889544,677.6603515277774
5.0,20000.0,0.1,63.0,100.0,648.3013192964388,611.9503650261646,649.2558443455102,650.6940229288269
5.0,20000.0,0.1,64.0,100.0,745.3471147311984,750.0226273887097,744.9573040545207,731.0789796267592
5.0,20000.0,0.1,65.0,100.0,663.5264933413972,666.4403808169492,701.2115090282931,708.4375890902377
5.0,20000.0,0.1,66.0,100.0,665.1223106029312,657.7799692673798,694.8190633164412,684.6125890325411
5.0,20000.0,0.1,67.0,100.0,654.5133945225098,659.0941864002191,699.8763597089875,632.4873738093794
5.0,20000.0,0.1,68.0,100.0,714.9409167721915,710.2884072066562,801.9629784220348,718.7232194339175
5.0,20000.0,0.1,69.0,100.0,682.9825705548296,663.9058573345881,690.7673033054127,628.099190446798
5.0,20000.0,0.1,70.0,100.0,721.0115968272528,748.7706673887352,752.8004191222583,721.4742874065543
5.0,20000.0,0.1,71.0,100.0,668.538462527339,648.2840905449947,740.6064438785071,758.4648953346684
5.0,20000.0,0.1,72.0,100.0,710.8213621705197,696.9927632276068,729.5511140461066,726.7306115762262
5.0,20000.0,0.1,73.0,100.0,659.6966468543956,681.6649498663243,721.9359578513098,715.803433479694
5.0,20000.0,0.1,74.0,100.0,689.5741273058412,707.6426058090709,759.8713590189765,707.546071929469
5.0,20000.0,0.1,75.0,100.0,756.6429251789426,778.4324110924745,787.7359474796492,762.6330335128316
5.0,20000.0,0.1,76.0,100.0,723.6014330931832,715.4163115209067,780.4804522660852,738.0524348880485
5.0,20000.0,0.1,77.0,100.0,763.6212461355858,717.284225483584,797.0117300984621,780.8110151619984
5.0,20000.0,0.1,78.0,100.0,734.0298998774667,709.5563753475765,722.9458704582802,735.7669861705562
5.0,20000.0,0.1,79.0,100.0,666.0046890199874,670.9776057634252,700.5217270890547,645.5309190714503
5.0,20000.0,0.1,80.0,100.0,702.0117348030552,687.2211360530638,738.581744972279,661.6659670584353
5.0,20000.0,0.1,81.0,100.0,689.527264066545,679.5430534912763,736.1303220237552,723.3487183878656
5.0,20000.0,0.1,82.0,100.0,766.7091783003293,779.5671737616666,709.8354914531488,806.6523676032881
5.0,20000.0,0.1,83.0,100.0,748.7563859299413,705.6155577870547,816.1420172357728,753.1976752388167
5.0,20000.0,0.1,84.0,100.0,681.1332318056346,700.484182653071,682.7266148972354,689.7719297559779
5.0,20000.0,0.1,85.0,100.0,782.2240810551671,812.2490936588454,781.8136665465038,786.2222193166116
5.0,20000.0,0.1,86.0,100.0,732.2221744601356,730.0293076127133,731.6843681791388,715.8270597933156
5.0,20000.0,0.1,87.0,100.0,748.3970128025708,686.527948264188,747.7230986534862,733.4472650369804
5.0,20000.0,0.1,88.0,100.0,758.3753143554228,864.4397876575372,783.96020929536,770.0784452862225
5.0,20000.0,0.1,89.0,100.0,707.6352561727682,676.5599172148349,707.6422973965422,703.2525096839604
5.0,20000.0,0.1,90.0,100.0,709.0251368434973,677.5530424170507,702.0438063601488,667.4815309613966
5.0,20000.0,0.1,91.0,100.0,741.9502048662781,756.7656654024565,809.4469596057097,765.6999714685487
5.0,20000.0,0.1,92.0,100.0,689.4351151877513,665.2608998919312,703.6438722054013,684.6306248762343
5.0,20000.0,0.1,93.0,100.0,730.3883937718448,685.7059407420303,796.256288942251,776.5476898354776
5.0,20000.0,0.1,94.0,100.0,670.4879616206432,665.3413201222345,652.9358480876402,729.4527862576475
5.0,20000.0,0.1,95.0,100.0,689.5925875201121,695.378535830843,739.491045020804,655.5205672305441
5.0,20000.0,0.1,96.0,100.0,671.7339851000154,707.2561128718866,722.5020040459102,713.9827130465967
5.0,20000.0,0.1,97.0,100.0,734.305520872098,721.5290644822791,737.4460428837112,680.9649666250624
5.0,20000.0,0.1,98.0,100.0,665.0388615381341,684.0023316134117,714.8404082606364,672.5656236548517
5.0,20000.0,0.1,99.0,100.0,628.7794775970435,656.0982539382418,626.0745795281739,666.5703125533572
5.0,20000.0,0.1,100.0,100.0,694.6687369363636,723.8083930432992,736.0942949510554,724.3111458640207
5.0,20000.0,0.2,1.0,100.0,706.5628209944897,721.304540965969,791.2590009484156,608.5443818383392
5.0,20000.0,0.2,2.0,100.0,529.772477910914,501.5011338008294,578.8835142688763,532.3989088774638
5.0,20000.0,0.2,3.0,100.0,663.6227420237435,692.8856235444589,644.2851542182904,706.6683220828021
5.0,20000.0,0.2,4.0,100.0,653.2411528528327,664.6978127221216,656.6352933822511,647.9536765248181
5.0,20000.0,0.2,5.0,100.0,617.9336237527175,586.9459885093381,628.6410538084323,627.1703654180158
5.0,20000.0,0.2,6.0,100.0,744.0156337626953,704.0288209708972,817.3301734413129,742.9167524779158
5.0,20000.0,0.2,7.0,100.0,606.1087838610148,611.4540770966739,673.2461278810088,595.4165878278285
5.0,20000.0,0.2,8.0,100.0,586.6187464723989,544.8736294418907,540.4851003640105,592.5863401388791
5.0,20000.0,0.2,9.0,100.0,634.8638137580036,682.8461201342259,655.1034388240623,629.0349847736411
5.0,20000.0,0.2,10.0,100.0,709.4890990266734,678.3899190942168,759.634279342144,729.4883710359185
5.0,20000.0,0.2,11.0,100.0,750.2692518414524,763.8076791139584,775.2832807279466,762.3051452495508
5.0,20000.0,0.2,12.0,100.0,716.8641813319507,708.2531997018183,711.9887418653392,760.2261498816777
5.0,20000.0,0.2,13.0,100.0,537.9218716806923,548.2307651950473,572.1205650895392,497.0174391206146
5.0,20000.0,0.2,14.0,100.0,691.9606148695351,723.9012148115903,748.1562383065227,642.218891793967
5.0,20000.0,0.2,15.0,100.0,869.4054341529909,773.9502801763133,886.8993207116423,927.6237990276908
5.0,20000.0,0.2,16.0,100.0,687.6351469568095,645.6571178261061,675.4853609932655,755.8879428202605
5.0,20000.0,0.2,17.0,100.0,713.3127338727948,701.4577233317775,775.9930519851207,761.9991519286638
5.0,20000.0,0.2,18.0,100.0,631.9266876938764,675.9543140968484,614.8124614783746,661.291335608019
5.0,20000.0,0.2,19.0,100.0,672.3745588844267,679.9170786943905,706.6954492707507,704.5079431571718
5.0,20000.0,0.2,20.0,100.0,705.3986090265927,758.9833707235033,744.4531459095588,684.4774274977033
5.0,20000.0,0.2,21.0,100.0,611.6794603018354,626.0996708081191,669.2363888963847,626.2929161844917
5.0,20000.0,0.2,22.0,100.0,735.601161033966,736.0970767075586,721.8579712611264,723.0367238480983
5.0,20000.0,0.2,23.0,100.0,662.5413362579786,649.1542119875063,679.8377165867856,656.0322609500103
5.0,20000.0,0.2,24.0,100.0,570.1758804848664,529.3118108596534,600.4150210402162,589.2641763013387
5.0,20000.0,0.2,25.0,100.0,821.3120159419818,833.6479100807621,871.2913371525663,826.5515427987559
5.0,20000.0,0.2,26.0,100.0,636.6945676422803,667.69763381482,625.1846045069439,627.5883407501691
5.0,20000.0,0.2,27.0,100.0,623.7810066540658,650.6723386752664,651.1973944099723,563.28432713147
5.0,20000.0,0.2,28.0,100.0,751.0512027383081,717.7083297576828,780.0435694256747,727.2933769092183
5.0,20000.0,0.2,29.0,100.0,833.4102000971277,780.0202747984978,831.9924880661316,912.3342477249612
5.0,20000.0,0.2,30.0,100.0,690.3392433456261,747.4367906742053,724.9549227728023,723.5899089648683
5.0,20000.0,0.2,31.0,100.0,600.1869107331786,652.888909693938,647.2169909442313,647.5430395560953
5.0,20000.0,0.2,32.0,100.0,543.1625774595781,526.8995228585649,565.2200035180855,491.82409515333876
5.0,20000.0,0.2,33.0,100.0,679.6152552432354,707.5852663141848,729.6020431828616,713.7471911480852
5.0,20000.0,0.2,34.0,100.0,623.5776706449883,700.5093098452883,668.9948110413767,625.0737276231207
5.0,20000.0,0.2,35.0,100.0,757.1448483262477,812.3725615447657,742.844938596844,781.5561036167744
5.0,20000.0,0.2,36.0,100.0,689.6603467659321,598.865174012713,716.7261749004024,679.2378606780259
5.0,20000.0,0.2,37.0,100.0,585.5633945992912,571.0009875918997,547.5425527845877,569.2836335940809
5.0,20000.0,0.2,38.0,100.0,664.5135289531262,733.2774750381386,702.8271409946132,704.3769682791423
5.0,20000.0,0.2,39.0,100.0,685.2951773288745,763.2093591538976,802.7979526316548,645.252355126663
5.0,20000.0,0.2,40.0,100.0,669.8170982938542,705.3188586904841,711.0207355240085,670.0023390899587
5.0,20000.0,0.2,41.0,100.0,545.5989846069682,563.1325953439208,576.861862755735,559.5290716405092
5.0,20000.0,0.2,42.0,100.0,688.7237140201346,706.6163753537289,695.1962822701114,648.6170004174305
5.0,20000.0,0.2,43.0,100.0,704.4578102735053,761.751538810232,772.0950566766322,732.6823632080403
5.0,20000.0,0.2,44.0,100.0,666.252553373085,691.7350029798987,688.6210765499122,644.2915139675855
5.0,20000.0,0.2,45.0,100.0,734.4650431158024,699.3516918838554,793.5772288908571,767.1313742912047
5.0,20000.0,0.2,46.0,100.0,593.5162145351039,586.573994287406,583.5346755472192,587.994420920047
5.0,20000.0,0.2,47.0,100.0,756.0941648490189,773.9824259125211,757.1503629078876,752.6169522430313
5.0,20000.0,0.2,48.0,100.0,631.9052982031502,646.5389799865694,657.2774629752951,603.5769414042389
5.0,20000.0,0.2,49.0,100.0,683.5595932455958,638.9034595671155,721.3896003545638,660.778860271438
5.0,20000.0,0.2,50.0,100.0,614.1349407842747,604.9032208587632,673.9972647728207,655.4105570639255
5.0,20000.0,0.2,51.0,100.0,627.4423440069901,651.8497889586052,659.5120282765344,642.5737322229622
5.0,20000.0,0.2,52.0,100.0,580.7669225906203,587.2376503797026,640.0778959796552,587.6907685313238
5.0,20000.0,0.2,53.0,100.0,551.1510425307681,540.3647587474948,555.051869489488,515.5334023795906
5.0,20000.0,0.2,54.0,100.0,618.616950989239,592.0260564037497,685.9027681956018,602.4673375639081
5.0,20000.0,0.2,55.0,100.0,793.0506268760353,764.9764279079727,796.9384591744574,749.8523168109407
5.0,20000.0,0.2,56.0,100.0,776.4114239520012,761.9101125664595,796.5222992234625,829.5725235292291
5.0,20000.0,0.2,57.0,100.0,656.2737723648744,679.7302387164851,661.7508427881169,658.7319245095464
5.0,20000.0,0.2,58.0,100.0,755.6071006868398,745.8747941704225,854.8962552434033,748.40008701275
5.0,20000.0,0.2,59.0,100.0,640.8282562459405,615.9090893204449,655.4631955469164,691.7120946997916
5.0,20000.0,0.2,60.0,100.0,770.043694036009,798.4962207999008,768.5914719992053,728.6235805987889
5.0,20000.0,0.2,61.0,100.0,721.5040033011102,720.9987293983238,652.9695862701935,646.4028015448
5.0,20000.0,0.2,62.0,100.0,562.083491804417,600.4124037545042,613.8949707729547,590.0406558113657
5.0,20000.0,0.2,63.0,100.0,865.6958248476298,957.1162149284444,869.7062634210823,908.8171374120165
5.0,20000.0,0.2,64.0,100.0,800.2092642444843,765.0046608399492,794.2403896006056,854.0728874624208
5.0,20000.0,0.2,65.0,100.0,624.0192990944512,611.575931980031,597.2202242371911,589.6734906078583
5.0,20000.0,0.2,66.0,100.0,552.7236269821095,623.3322709670202,588.1407477382028,561.7681742579189
5.0,20000.0,0.2,67.0,100.0,713.279451763502,697.858455471957,701.9869923501274,712.1656976601782
5.0,20000.0,0.2,68.0,100.0,780.5866056618083,710.2066430972876,836.4925649350173,832.5014898687726
5.0,20000.0,0.2,69.0,100.0,687.9848751242791,652.9932434097921,671.9658487337467,694.5065453885562
5.0,20000.0,0.2,70.0,100.0,771.1166848282859,740.5345197027773,777.0024142065863,770.2081307468968
5.0,20000.0,0.2,71.0,100.0,575.8349837509609,593.4470678846767,507.2496572695324,578.7510727195572
5.0,20000.0,0.2,72.0,100.0,788.3501153780542,739.1721190026037,804.2923740028763,753.018957473803
5.0,20000.0,0.2,73.0,100.0,623.9991209561946,609.5504537866028,681.8230331807223,601.7083161392683
5.0,20000.0,0.2,74.0,100.0,779.0960818835891,810.4181940646793,818.4641094316112,805.4067650553837
5.0,20000.0,0.2,75.0,100.0,726.5530423237642,706.0411689072766,797.8104120389877,740.638794302973
5.0,20000.0,0.2,76.0,100.0,758.279290343888,723.3696814221388,800.7787187670385,731.7345729785344
5.0,20000.0,0.2,77.0,100.0,733.7491754745018,714.3144124273626,695.4607771701326,730.2312627490029
5.0,20000.0,0.2,78.0,100.0,622.174900087995,655.2673968119724,638.3256090975585,628.3812570379504
5.0,20000.0,0.2,79.0,100.0,617.9404974686713,568.3946991651858,693.4689637816917,590.1474546124838
5.0,20000.0,0.2,80.0,100.0,691.1422557005783,637.3082726339842,710.7735893459677,683.378223329964
5.0,20000.0,0.2,81.0,100.0,579.395101416546,592.7833881145641,599.6278399433168,570.2696067549676
5.0,20000.0,0.2,82.0,100.0,645.0678568524772,692.7546424029449,698.7574704901344,609.1830512534972
5.0,20000.0,0.2,83.0,100.0,739.2860391653653,676.1583592259445,749.3672497895725,709.3224729841803
5.0,20000.0,0.2,84.0,100.0,655.6141494714617,655.501615976841,671.0136968275041,672.4918183849022
5.0,20000.0,0.2,85.0,100.0,570.2150518248022,588.9418004555813,606.9722667499769,498.9437140893983
5.0,20000.0,0.2,86.0,100.0,609.4660320855197,601.5681976387508,681.2458257788904,646.8143022300109
5.0,20000.0,0.2,87.0,100.0,663.6980177113477,652.766191589134,620.1800718277119,715.6408346312372
5.0,20000.0,0.2,88.0,100.0,558.3936310960404,564.1597386271346,594.214803217872,544.295205507005
5.0,20000.0,0.2,89.0,100.0,763.4594842372176,745.6357893864989,757.6525073814232,808.167218335723
5.0,20000.0,0.2,90.0,100.0,783.5244942799827,775.48975107975,816.6334501727151,808.6128989558156
5.0,20000.0,0.2,91.0,100.0,690.1251922781587,664.8725066169195,697.4821543961267,688.6550975591194
5.0,20000.0,0.2,92.0,100.0,690.082159358506,678.2079345198142,710.4473359731912,680.6610716584353
5.0,20000.0,0.2,93.0,100.0,727.4520172371506,709.4873291162493,742.055617492079,728.7111611115896
5.0,20000.0,0.2,94.0,100.0,596.0515532117809,556.0148030243948,620.4365937792637,595.3302967500404
5.0,20000.0,0.2,95.0,100.0,586.4932099306127,561.3517267294291,621.0592917118818,608.162674655247
5.0,20000.0,0.2,96.0,100.0,625.6850934709972,650.7064155498898,620.460620506264,592.1234860680213
5.0,20000.0,0.2,97.0,100.0,637.3782217721592,691.0810895299754,702.192292425236,682.3919755415617
5.0,20000.0,0.2,98.0,100.0,633.7406592020599,684.9719042742609,653.0696321318666,617.5133286786519
5.0,20000.0,0.2,99.0,100.0,680.6704323393748,707.1694117067276,715.9008093229143,692.5544181487624
5.0,20000.0,0.2,100.0,100.0,750.5435521034047,749.2085128296089,734.6659209931122,764.9183718815202
5.0,20000.0,0.30000000000000004,1.0,100.0,637.4081686397044,628.8466002576398,570.4754490285981,641.9054470722721
5.0,20000.0,0.30000000000000004,2.0,100.0,560.195660732699,514.0576532280426,593.0312313055709,570.4023202165682
5.0,20000.0,0.30000000000000004,3.0,100.0,664.7617329142547,671.7676718254223,732.1393423064516,731.8664573404383
5.0,20000.0,0.30000000000000004,4.0,100.0,764.9219843428131,745.3400185722487,863.0837546502762,725.3573415641333
5.0,20000.0,0.30000000000000004,5.0,100.0,803.0181768102342,819.2921831642572,818.0619821820677,830.4623752733403
5.0,20000.0,0.30000000000000004,6.0,100.0,446.38224343073546,431.76541908418716,439.37074235162765,461.51685394745385
5.0,20000.0,0.30000000000000004,7.0,100.0,536.4421607988992,556.761519797528,624.5931629199896,535.1487819921665
5.0,20000.0,0.30000000000000004,8.0,100.0,425.11180685244574,474.44827919373887,444.00505405625887,443.0345260151995
5.0,20000.0,0.30000000000000004,9.0,100.0,674.640708745056,675.7945584493613,636.6686216069917,691.5344842149665
5.0,20000.0,0.30000000000000004,10.0,100.0,788.9662649781244,798.5540348136667,810.7266846355444,791.2077462230965
5.0,20000.0,0.30000000000000004,11.0,100.0,747.5740496004053,754.8811386451863,765.1616674503232,803.8168760377463
5.0,20000.0,0.30000000000000004,12.0,100.0,511.8931013359186,505.55048905022005,494.51218234813683,503.69554813135255
5.0,20000.0,0.30000000000000004,13.0,100.0,590.5418000804813,635.9113462200935,652.5122492871234,543.308891660178
5.0,20000.0,0.30000000000000004,14.0,100.0,729.0218313014909,761.6856254042982,703.7679964512594,744.0721660704808
5.0,20000.0,0.30000000000000004,15.0,100.0,917.2767490271867,909.910389433904,911.9579397054518,909.948500770446
5.0,20000.0,0.30000000000000004,16.0,100.0,785.0709021472081,786.2432179752609,788.1825763590207,786.8648098444579
5.0,20000.0,0.30000000000000004,17.0,100.0,750.3076929897354,776.7223889613408,791.4422613397269,784.6240684862632
5.0,20000.0,0.30000000000000004,18.0,100.0,541.8394567099326,578.0058295147518,565.9155021537628,570.375643205478
5.0,20000.0,0.30000000000000004,19.0,100.0,633.3182200504283,683.5727227116703,600.5718496910325,592.9141017869406
5.0,20000.0,0.30000000000000004,20.0,100.0,794.9557138992,753.2627341718908,785.4921940671109,770.4641606238464
5.0,20000.0,0.30000000000000004,21.0,100.0,788.1754371229853,852.5938903502201,742.532804938487,815.9518668202403
5.0,20000.0,0.30000000000000004,22.0,100.0,487.8844593465045,479.43137308879705,553.7513924331565,528.0377914151368
5.0,20000.0,0.30000000000000004,23.0,100.0,481.5221108508136,465.07087465789283,537.2671673592454,459.4714999118737
5.0,20000.0,0.30000000000000004,24.0,100.0,771.3661864005362,800.8230920942192,864.7484558313788,818.9587179751413
5.0,20000.0,0.30000000000000004,25.0,100.0,502.1751876137165,485.99245107744485,528.6935552570468,472.5757615002546
5.0,20000.0,0.30000000000000004,26.0,100.0,607.8347229712538,567.3870575457274,648.9399683614033,676.9268866139297
5.0,20000.0,0.30000000000000004,27.0,100.0,481.76849493406763,483.4203795036409,501.8501916295066,494.1252946667978
5.0,20000.0,0.30000000000000004,28.0,100.0,606.3440443276725,681.9381228336766,616.8922617650278,654.1989497964937
5.0,20000.0,0.30000000000000004,29.0,100.0,554.1702351945704,502.99328966144407,554.6040668842097,516.4208649058586
5.0,20000.0,0.30000000000000004,30.0,100.0,499.8422333148522,515.1587942293685,554.2697379753254,499.3587766308993
5.0,20000.0,0.30000000000000004,31.0,100.0,595.8877834565842,641.130214156938,587.1765818979188,620.9709072724148
5.0,20000.0,0.30000000000000004,32.0,100.0,709.6896158023004,742.7544478929095,669.2996384224031,666.4749021291074
5.0,20000.0,0.30000000000000004,33.0,100.0,655.2147135665841,674.248247935916,690.9575692005371,628.7275750588988
5.0,20000.0,0.30000000000000004,34.0,100.0,722.3216170358355,768.5313164196533,755.5530643843038,755.8044607978177
5.0,20000.0,0.30000000000000004,35.0,100.0,738.0329965017893,722.7197598412143,827.3841657882033,740.7447678347133
5.0,20000.0,0.30000000000000004,36.0,100.0,648.6460768570587,687.118084837085,674.7251528544934,644.0147202346374
5.0,20000.0,0.30000000000000004,37.0,100.0,888.7460201073998,979.9627969137587,903.7823112426013,885.4643226135032
5.0,20000.0,0.30000000000000004,38.0,100.0,886.6298024729064,882.1797789530922,861.5711850004125,856.1053780127593
5.0,20000.0,0.30000000000000004,39.0,100.0,663.9256393052823,707.0317590613115,665.1449904719474,710.0762648632077
5.0,20000.0,0.30000000000000004,40.0,100.0,720.2068525790418,753.8029567571845,813.5952431486667,700.859174793704
5.0,20000.0,0.30000000000000004,41.0,100.0,601.6086806944235,614.839824629045,679.0408162285023,661.8435501755515
5.0,20000.0,0.30000000000000004,42.0,100.0,626.941009121166,622.6541496876747,668.1535215935397,645.2655986016132
5.0,20000.0,0.30000000000000004,43.0,100.0,460.7716377730213,464.4402384966297,475.9990475257948,490.26991007658296
5.0,20000.0,0.30000000000000004,44.0,100.0,722.7500792765182,738.0017015428184,810.4774586705937,746.1223549763977
5.0,20000.0,0.30000000000000004,45.0,100.0,675.075369965888,707.2670969651547,704.3129346026884,671.4595138998425
5.0,20000.0,0.30000000000000004,46.0,100.0,663.7489076898974,619.7758665465367,667.3289070577111,689.7994127576706
5.0,20000.0,0.30000000000000004,47.0,100.0,692.3672940634854,702.809139674992,685.8893517145174,680.5911303520361
5.0,20000.0,0.30000000000000004,48.0,100.0,645.2515209428901,711.9516476105298,688.5386332284164,628.0437668989475
5.0,20000.0,0.30000000000000004,49.0,100.0,998.7692561396852,1067.5637083783943,1069.6929559058062,1049.4172426064008
5.0,20000.0,0.30000000000000004,50.0,100.0,550.0861246097396,534.69322201175,581.3941370873622,564.2241346247057
5.0,20000.0,0.30000000000000004,51.0,100.0,687.1041545814622,689.1830658266722,648.2846571881238,697.6255237987448
5.0,20000.0,0.30000000000000004,52.0,100.0,528.1605648264213,525.3156116522973,571.0288301074032,554.556647944944
5.0,20000.0,0.30000000000000004,53.0,100.0,555.5374983179341,553.5827793765042,580.6027293459342,558.6112035629609
5.0,20000.0,0.30000000000000004,54.0,100.0,672.8517777545601,671.3089627064795,739.2610535472978,710.9866233874216
5.0,20000.0,0.30000000000000004,55.0,100.0,881.1069270629305,967.0610881411246,931.4646099215988,892.388286818989
5.0,20000.0,0.30000000000000004,56.0,100.0,706.1704530643277,711.920142040164,810.0772883318292,722.2296252602805
5.0,20000.0,0.30000000000000004,57.0,100.0,759.2752212211766,761.4273944246498,755.8876742126604,855.7790818994928
5.0,20000.0,0.30000000000000004,58.0,100.0,764.9065697283858,752.8099626958444,779.1856076562584,776.8469164135323
5.0,20000.0,0.30000000000000004,59.0,100.0,547.9916967241771,550.887154348416,581.9133671608472,556.6919508959729
5.0,20000.0,0.30000000000000004,60.0,100.0,856.6956319399956,942.0343375328047,925.76037959164,887.0737923673719
5.0,20000.0,0.30000000000000004,61.0,100.0,476.73963058729277,450.46539068019683,483.5491299585844,477.1889541947442
5.0,20000.0,0.30000000000000004,62.0,100.0,586.5296637909516,557.1245018218457,587.9339562886104,633.2274973663548
5.0,20000.0,0.30000000000000004,63.0,100.0,461.87321283656235,454.0957347969859,498.1017290965086,480.003283498136
5.0,20000.0,0.30000000000000004,64.0,100.0,744.3980742553383,700.9593616770441,766.8960548693491,762.7398021500743
5.0,20000.0,0.30000000000000004,65.0,100.0,734.4842731675999,666.6586676367641,786.1914631255303,758.0944102428442
5.0,20000.0,0.30000000000000004,66.0,100.0,453.21322741721116,420.2689319112365,512.5673111281459,462.759787993153
5.0,20000.0,0.30000000000000004,67.0,100.0,630.2643756594023,674.5355915519909,654.9571649619496,662.6152015866224
5.0,20000.0,0.30000000000000004,68.0,100.0,645.099995767397,653.0820483300138,644.8972878280807,684.1453010112214
5.0,20000.0,0.30000000000000004,69.0,100.0,673.7340586611206,643.9998499660758,712.5723898297229,677.6131985341246
5.0,20000.0,0.30000000000000004,70.0,100.0,648.1946346264853,662.250259873584,680.1265563596987,651.3399592169758
5.0,20000.0,0.30000000000000004,71.0,100.0,543.7027734502593,522.4125454068762,523.8943883024948,495.7661737024357
5.0,20000.0,0.30000000000000004,72.0,100.0,786.8893521014488,786.8203169978682,781.9087201723662,784.1972610463484
5.0,20000.0,0.30000000000000004,73.0,100.0,646.9342800410268,672.9086494510143,703.6515860697685,601.8518972745004
5.0,20000.0,0.30000000000000004,74.0,100.0,701.8622413797356,647.8418127677387,809.4866179215628,721.7048045352184
5.0,20000.0,0.30000000000000004,75.0,100.0,571.315761488889,574.8382912861748,623.3192037109302,551.3493062692206
5.0,20000.0,0.30000000000000004,76.0,100.0,599.1627472020367,592.0346272930991,675.5843463109511,640.1442170866009
5.0,20000.0,0.30000000000000004,77.0,100.0,790.6795251336322,778.1113973396962,871.6826911004523,769.447375585715
5.0,20000.0,0.30000000000000004,78.0,100.0,683.4316303161887,739.911717222603,664.7338763195543,724.4501910904747
5.0,20000.0,0.30000000000000004,79.0,100.0,860.7819460861241,853.9122003849911,944.434570741308,851.5288456434033
5.0,20000.0,0.30000000000000004,80.0,100.0,739.0395679556018,800.0997780609207,749.9644027325667,805.7314510094276
5.0,20000.0,0.30000000000000004,81.0,100.0,714.2631634233328,723.9859587556198,758.2730806782208,748.4827825262082
5.0,20000.0,0.30000000000000004,82.0,100.0,539.2036227391873,533.7689335921119,502.27641911224646,527.684595951809
5.0,20000.0,0.30000000000000004,83.0,100.0,414.4149451827882,410.86679156179906,436.9764745150538,433.7739774176153
5.0,20000.0,0.30000000000000004,84.0,100.0,508.0809711195189,502.8281721865792,527.7617996625427,515.8571987129858
5.0,20000.0,0.30000000000000004,85.0,100.0,563.3764852561362,542.0959533631727,567.941476939336,567.5617419926599
5.0,20000.0,0.30000000000000004,86.0,100.0,563.3922429806926,580.3916152010842,618.2861164361767,604.014525735738
5.0,20000.0,0.30000000000000004,87.0,100.0,554.8492554005609,571.5587827552322,583.1158461089698,627.5988231864045
5.0,20000.0,0.30000000000000004,88.0,100.0,854.9288687543483,848.4665621746399,940.1225000964572,939.7347776626656
5.0,20000.0,0.30000000000000004,89.0,100.0,668.1245057361551,641.8874326566563,662.9364933851807,696.8003665558597
5.0,20000.0,0.30000000000000004,90.0,100.0,594.455919151918,556.5687102557657,636.6091504051162,612.0389000497423
5.0,20000.0,0.30000000000000004,91.0,100.0,717.1402793242278,735.408679510357,755.9172165867627,729.422043429618
5.0,20000.0,0.30000000000000004,92.0,100.0,629.9130905252931,684.1077901893676,663.660939318015,598.9047280019597
5.0,20000.0,0.30000000000000004,93.0,100.0,738.8953173772135,885.4561799531613,734.9020909153218,776.7865770767677
5.0,20000.0,0.30000000000000004,94.0,100.0,705.925550395134,718.803407691522,703.7051624285823,683.8252110163626
5.0,20000.0,0.30000000000000004,95.0,100.0,640.9661856901903,597.9272252758749,649.0249513558565,620.6858059162896
5.0,20000.0,0.30000000000000004,96.0,100.0,551.5515178832866,515.3403404128153,591.6416703381718,560.0024078128381
5.0,20000.0,0.30000000000000004,97.0,100.0,590.7091056879959,589.9085735138699,652.5298215219829,596.9323400539865
5.0,20000.0,0.30000000000000004,98.0,100.0,686.5461798696806,652.1276948381746,730.4028274989157,671.5895855210746
5.0,20000.0,0.30000000000000004,99.0,100.0,615.0798170565106,626.2095230001198,618.1727214847335,607.8512806444306
5.0,20000.0,0.30000000000000004,100.0,100.0,514.0292463892304,461.62358277729317,540.4813047012198,517.3741300573982
5.0,20000.0,0.4,1.0,100.0,516.566343569869,545.697893458665,546.2388145386786,516.4223840851117
5.0,20000.0,0.4,2.0,100.0,635.0334136352957,672.7574689161495,682.088984787606,585.0133523510634
5.0,20000.0,0.4,3.0,100.0,543.2384699192809,532.6933433985915,605.266767005,581.7439951940217
5.0,20000.0,0.4,4.0,100.0,497.10426656146484,492.7969905260402,498.05262006761006,517.9364356758105
5.0,20000.0,0.4,5.0,100.0,395.8588307454943,375.2875438475982,457.26425091934715,399.3027696908221
5.0,20000.0,0.4,6.0,100.0,453.5045155451978,445.9930122225779,493.555554242672,484.0618932936509
5.0,20000.0,0.4,7.0,100.0,742.0897147461255,753.1029479364896,762.0027557649927,781.1213679344702
5.0,20000.0,0.4,8.0,100.0,507.7373991083648,508.87125153185053,551.8360206491632,510.84321689119554
5.0,20000.0,0.4,9.0,100.0,507.50948383696885,505.8294010402435,490.8849565516523,500.4630551995487
5.0,20000.0,0.4,10.0,100.0,738.0830181715295,732.4366108177961,730.5438029041937,764.4622334625052
5.0,20000.0,0.4,11.0,100.0,593.0887732898481,562.7275039604738,604.4703233634152,641.1038542506159
5.0,20000.0,0.4,12.0,100.0,836.335605760394,875.9604094545492,880.8994061609732,817.7396708663458
5.0,20000.0,0.4,13.0,100.0,875.5387659615049,861.2214513118042,939.0413649673607,902.5427819521178
5.0,20000.0,0.4,14.0,100.0,699.8961758542703,754.3025110005711,749.6608089105728,732.9566422101393
5.0,20000.0,0.4,15.0,100.0,473.50876858766105,477.4102327068368,495.04382433644446,512.5606631410791
5.0,20000.0,0.4,16.0,100.0,375.7104978267228,360.44594005971913,371.9709140337949,410.8025051034757
5.0,20000.0,0.4,17.0,100.0,803.1592560261731,754.7287624225756,853.2000049794354,832.6387131297478
5.0,20000.0,0.4,18.0,100.0,439.1618863131874,462.1946326818392,475.4299960100436,412.3772376432847
5.0,20000.0,0.4,19.0,100.0,525.887113040209,523.665411244861,558.8747821698598,551.8152311282956
5.0,20000.0,0.4,20.0,100.0,536.2249491831657,557.1333586488837,547.0894721416389,525.2460285769208
5.0,20000.0,0.4,21.0,100.0,433.44432323019583,420.84910688390136,470.8324433993753,433.10004560314286
5.0,20000.0,0.4,22.0,100.0,785.0277031361568,755.1762329891562,799.1933072698183,746.1735901747687
5.0,20000.0,0.4,23.0,100.0,756.8323728859434,784.2007932712096,768.3927315785413,761.7182761735197
5.0,20000.0,0.4,24.0,100.0,411.6628175963366,419.51380955127786,432.3091488164493,377.3286127386805
5.0,20000.0,0.4,25.0,100.0,474.3607994421498,451.23554557477394,501.50258409809663,443.06528746367053
5.0,20000.0,0.4,26.0,100.0,462.3932685445653,485.24983518818664,514.6030877445819,448.5337223567403
5.0,20000.0,0.4,27.0,100.0,590.0209449364669,600.2221149812799,569.5182662810547,622.844793940055
5.0,20000.0,0.4,28.0,100.0,715.4709825543086,749.2118156026975,721.2552042367893,799.5523282141535
5.0,20000.0,0.4,29.0,100.0,506.48228969352965,508.6130285620751,553.4142400036859,551.294784492952
5.0,20000.0,0.4,30.0,100.0,633.0128370579921,667.9167909046248,701.7435471582799,594.3992819171102
5.0,20000.0,0.4,31.0,100.0,524.1005335038445,562.634675202215,557.530687691691,511.18766189443375
5.0,20000.0,0.4,32.0,100.0,393.08448442304876,390.65417539292366,382.14019616924463,338.483743895116
5.0,20000.0,0.4,33.0,100.0,598.404758642311,642.5242266136521,634.5289616274277,578.8064718318121
5.0,20000.0,0.4,34.0,100.0,571.6774466053591,542.2712308914656,608.5728954919141,596.9160019258999
5.0,20000.0,0.4,35.0,100.0,640.8288305695826,723.8558614773227,688.0692130183047,612.9321260319573
5.0,20000.0,0.4,36.0,100.0,683.3969530371021,680.6903383810154,696.8600782542185,669.5395978273208
5.0,20000.0,0.4,37.0,100.0,589.8296419089044,621.2700124710212,613.5234954818088,607.2112278491087
5.0,20000.0,0.4,38.0,100.0,342.2379174771888,350.6894423005954,354.58155585702104,330.8690329800547
5.0,20000.0,0.4,39.0,100.0,407.2285606743543,428.9122653271045,448.7608145017051,413.8215977106357
5.0,20000.0,0.4,40.0,100.0,861.9403441545932,910.1551442669933,931.8888502147082,882.9371113990303
5.0,20000.0,0.4,41.0,100.0,399.8823923534345,413.6029742037954,482.8685061914333,409.6297194075196
5.0,20000.0,0.4,42.0,100.0,512.7932337562245,514.385221551209,549.5894711112918,523.6860962437869
5.0,20000.0,0.4,43.0,100.0,501.580311337682,522.1622787892788,571.3721533327218,494.52722616539114
5.0,20000.0,0.4,44.0,100.0,576.9771483982138,613.3853492734154,639.4876320339179,544.2586784983694
5.0,20000.0,0.4,45.0,100.0,528.3304947296409,536.0078234601037,547.4505687280563,473.205799238776
5.0,20000.0,0.4,46.0,100.0,962.2597823364844,953.8270417893028,940.5148172091956,881.2020181692983
5.0,20000.0,0.4,47.0,100.0,675.8311946318678,676.6500105070397,705.3594072839712,676.254882648486
5.0,20000.0,0.4,48.0,100.0,525.7677571379315,502.1058678721967,570.2417948862086,528.0328181890861
5.0,20000.0,0.4,49.0,100.0,604.3389401061647,597.3988406360991,647.2627730635568,612.5425718048152
5.0,20000.0,0.4,50.0,100.0,868.3100952438289,746.0674249891306,884.6827754059468,924.9528648735193
5.0,20000.0,0.4,51.0,100.0,984.2042398933876,1013.4580840030977,1170.8397675522408,1093.8438468207028
5.0,20000.0,0.4,52.0,100.0,574.1213292952142,567.8512525834873,673.7908123632783,609.4380527208414
5.0,20000.0,0.4,53.0,100.0,418.2510996838642,441.86532573581263,442.13519455407686,393.7572481509788
5.0,20000.0,0.4,54.0,100.0,712.6392925779338,743.9017672753787,711.2096842394118,759.8111456525054
5.0,20000.0,0.4,55.0,100.0,503.49464540549934,521.7733821081318,519.8254469812487,490.40932812152533
5.0,20000.0,0.4,56.0,100.0,330.0582670127475,299.52404927834493,360.6748759767742,374.9506351561576
5.0,20000.0,0.4,57.0,100.0,910.3621694596504,871.9019913353186,863.585806713986,852.2150471827327
5.0,20000.0,0.4,58.0,100.0,690.8140029351563,726.4277715040088,760.492319245684,759.5218877504593
5.0,20000.0,0.4,59.0,100.0,330.989428342422,351.68966320973936,368.3435532619668,342.8981470144508
5.0,20000.0,0.4,60.0,100.0,323.7865056033208,349.1358978393319,385.1844899607922,315.6367103280556
5.0,20000.0,0.4,61.0,100.0,586.7273113279417,645.9551265908972,578.4094300524865,652.3873646424473
5.0,20000.0,0.4,62.0,100.0,285.9344968728944,289.84503600935744,313.0434164395962,291.1917261041471
5.0,20000.0,0.4,63.0,100.0,599.6539927927747,603.7352014874708,726.8355277968843,683.2411220266476
5.0,20000.0,0.4,64.0,100.0,673.8651977882017,679.637893818337,727.6225345486639,664.451102729697
5.0,20000.0,0.4,65.0,100.0,504.5464568098887,517.7596882717913,509.1038382150308,502.3932336770784
5.0,20000.0,0.4,66.0,100.0,677.222160065073,667.1411167209739,763.3942423867929,744.8756844668283
5.0,20000.0,0.4,67.0,100.0,436.77694177159447,463.28857498133874,458.28549735096124,433.4348811778921
5.0,20000.0,0.4,68.0,100.0,651.2779821555971,654.5288230131504,648.8074263624162,632.072431643965
5.0,20000.0,0.4,69.0,100.0,450.78831405832847,472.3413543791854,467.71824287723183,460.0708444704435
5.0,20000.0,0.4,70.0,100.0,627.6543417432683,653.5935684412033,698.4120149560605,609.5663888281102
5.0,20000.0,0.4,71.0,100.0,834.6151671992767,855.5091849261763,830.0636623183507,798.1610892782562
5.0,20000.0,0.4,72.0,100.0,494.1111530946866,521.0701680438249,544.7187492924365,529.3485235775266
5.0,20000.0,0.4,73.0,100.0,357.6103204156781,370.9280454134755,372.79104048257966,329.40928925962083
5.0,20000.0,0.4,74.0,100.0,342.7843780647689,367.34023152786233,389.9315470059185,376.4705769732155
5.0,20000.0,0.4,75.0,100.0,667.095363468032,652.0861008476999,664.1402250543741,673.7691144745536
5.0,20000.0,0.4,76.0,100.0,369.2613552162146,363.3611828878589,412.7325317362954,376.2364702914109
5.0,20000.0,0.4,77.0,100.0,604.2731711110847,614.3435406387142,615.7660075743038,591.890888550046
5.0,20000.0,0.4,78.0,100.0,806.0273243441244,940.2448663139577,842.7663586458252,833.7100612927388
5.0,20000.0,0.4,79.0,100.0,462.6552424146509,459.6834015004483,544.713695055475,433.26922261907515
5.0,20000.0,0.4,80.0,100.0,666.1968432674888,666.4835583265184,692.1933609928352,712.5807739531575
5.0,20000.0,0.4,81.0,100.0,767.5902727977756,789.3696491734361,738.4638304119773,768.5605155465568
5.0,20000.0,0.4,82.0,100.0,616.9557436539707,599.5911028820217,640.031912764684,608.8367465800883
5.0,20000.0,0.4,83.0,100.0,527.8666445396976,493.48105304050586,555.8563781933241,531.3124400013523
5.0,20000.0,0.4,84.0,100.0,476.4565949400914,482.38869629521776,508.5436852269688,492.9329649372654
5.0,20000.0,0.4,85.0,100.0,563.2470990232572,546.7233320026885,598.2760781519612,575.9775339013812
5.0,20000.0,0.4,86.0,100.0,756.1639122955867,728.2309241323615,701.2935568814163,746.2513851635111
5.0,20000.0,0.4,87.0,100.0,728.3077968064696,765.5092842938898,762.7332342924858,763.6714560157468
5.0,20000.0,0.4,88.0,100.0,500.8388862907652,436.8201212673688,541.549286844814,490.2091045198675
5.0,20000.0,0.4,89.0,100.0,647.1427027679788,616.7263906124133,669.7551179526972,641.3629441254858
5.0,20000.0,0.4,90.0,100.0,529.4457558223753,499.0676927884567,516.7548527409662,538.7182237842077
5.0,20000.0,0.4,91.0,100.0,401.7871961274508,394.5259917289968,414.37331811120237,444.58026590384026
5.0,20000.0,0.4,92.0,100.0,379.8057534370443,391.08583056811835,415.1538726525968,387.39475872304223
5.0,20000.0,0.4,93.0,100.0,699.6655598854442,731.3450949742096,817.9264048501027,666.8048734715578
5.0,20000.0,0.4,94.0,100.0,596.8762860582284,673.5777366548107,692.0869464785817,576.9794492726384
5.0,20000.0,0.4,95.0,100.0,585.9567287595844,612.6805275953596,619.9183142898131,628.1893995371033
5.0,20000.0,0.4,96.0,100.0,886.2862975573897,880.7228550920677,997.261777211036,833.8209192939078
5.0,20000.0,0.4,97.0,100.0,643.9767370658386,726.6983162506514,697.9665482822919,679.423259966247
5.0,20000.0,0.4,98.0,100.0,519.6925114808294,530.9241792232975,539.0499039225499,521.3361484014963
5.0,20000.0,0.4,99.0,100.0,547.0610657225236,552.7849652154674,632.4196604653926,551.2830958372389
5.0,20000.0,0.4,100.0,100.0,599.9729366402743,638.9933855611879,537.9518375395265,590.643346338268
5.0,20000.0,0.5,1.0,100.0,599.0667160884249,569.3314047600952,617.5344314698161,586.2713008817848
5.0,20000.0,0.5,2.0,100.0,470.49165576538763,502.82021756859183,500.0468365038494,483.3271090516606
5.0,20000.0,0.5,3.0,100.0,680.4950242214874,716.4093961764,778.1113265351544,665.881490468796
5.0,20000.0,0.5,4.0,100.0,938.4557321865524,944.7161329303392,932.5324077655824,929.9484895329248
5.0,20000.0,0.5,5.0,100.0,864.7698698950276,859.7906927820736,860.6322421074177,845.6832840949268
5.0,20000.0,0.5,6.0,100.0,681.3170463711463,638.385176025315,706.2417321527116,676.0205542405688
5.0,20000.0,0.5,7.0,100.0,582.5524136175478,611.568527654085,618.6371623757983,642.7966574923378
5.0,20000.0,0.5,8.0,100.0,431.9837496132721,476.0895337023503,467.6914372301125,445.6082505459227
5.0,20000.0,0.5,9.0,100.0,636.7537276766817,586.5551504717281,626.7403989855301,605.1078263185475
5.0,20000.0,0.5,10.0,100.0,671.1255822843725,685.4272129602144,704.8174850778711,650.492052699512
5.0,20000.0,0.5,11.0,100.0,539.8358688293062,626.0733932575931,612.0061395249082,557.6983922153191
5.0,20000.0,0.5,12.0,100.0,303.3243785549526,321.30479593089217,335.28387637082625,293.3365368967247
5.0,20000.0,0.5,13.0,100.0,225.114110303396,223.6388936660664,216.69805623128346,236.31107771755825
5.0,20000.0,0.5,14.0,100.0,587.9143531372323,633.1994268349399,682.4395561806557,591.1893452889855
5.0,20000.0,0.5,15.0,100.0,658.7227119753826,632.5518015512907,657.8376460845532,671.5836526405541
5.0,20000.0,0.5,16.0,100.0,809.1165973607518,885.7007612231523,841.8013776365433,810.9246421914095
5.0,20000.0,0.5,17.0,100.0,419.6409976487578,432.2408336401786,481.9880986619107,441.8078763404025
5.0,20000.0,0.5,18.0,100.0,317.61978913763124,293.22992253682685,360.08942926201127,316.0522737250986
5.0,20000.0,0.5,19.0,100.0,463.6462499589428,463.59456106764367,522.0310019432947,474.9378198711097
5.0,20000.0,0.5,20.0,100.0,329.6415514527738,313.1346611855272,339.920150511007,351.52240144196503
5.0,20000.0,0.5,21.0,100.0,694.237980843165,748.5631428027594,824.9099766534349,743.9572742835202
5.0,20000.0,0.5,22.0,100.0,659.4498631867112,699.1867414889616,699.3331477656548,704.5414439340816
5.0,20000.0,0.5,23.0,100.0,715.2480677860211,713.4370671835032,751.8700136183845,738.5812400026797
5.0,20000.0,0.5,24.0,100.0,683.7300125575848,707.8989447534151,737.4201260207087,628.9721480414777
5.0,20000.0,0.5,25.0,100.0,643.2065227158597,683.7083710728398,698.5614929011638,701.1873954136754
5.0,20000.0,0.5,26.0,100.0,844.1566318490123,878.5264338425012,862.8406636824353,772.3878780010347
5.0,20000.0,0.5,27.0,100.0,663.5875439144472,655.0021383157855,706.1731505810558,654.4073480185967
5.0,20000.0,0.5,28.0,100.0,540.7778335875423,535.7619982480946,532.5971754245619,539.5670752986275
5.0,20000.0,0.5,29.0,100.0,821.8410732581492,939.6951537555844,808.9721335463576,837.3738868841111
5.0,20000.0,0.5,30.0,100.0,453.1270824132847,450.52544915691107,500.3685140706093,414.6877732685493
5.0,20000.0,0.5,31.0,100.0,428.9687360270797,400.53675591869103,477.9385423993624,445.4536417678666
5.0,20000.0,0.5,32.0,100.0,762.205616066967,837.7952409603032,793.2567668059413,762.9021759240512
5.0,20000.0,0.5,33.0,100.0,463.61403235149714,421.6175433795393,490.6895752833474,439.6247753679309
5.0,20000.0,0.5,34.0,100.0,354.71942044022865,388.5410613266593,365.1547086195818,337.83492758103574
5.0,20000.0,0.5,35.0,100.0,366.4029752991114,361.51526920418684,370.61159399852363,339.6309064004429
5.0,20000.0,0.5,36.0,100.0,280.3342644922261,287.4469055056852,300.5550252016308,284.962348012216
5.0,20000.0,0.5,37.0,100.0,927.1277277737894,975.7680012725999,936.2544283541887,1022.6839361367199
5.0,20000.0,0.5,38.0,100.0,361.003564680142,394.6172503388775,359.11775672464546,355.9606170027069
5.0,20000.0,0.5,39.0,100.0,620.7698030560864,638.1240947829533,693.4622788665732,624.4658478473077
5.0,20000.0,0.5,40.0,100.0,879.8010138798442,884.3806349738838,878.3240351107032,944.0434655724124
5.0,20000.0,0.5,41.0,100.0,276.79919808593485,267.8957021546905,270.89334310129544,269.25158613448383
5.0,20000.0,0.5,42.0,100.0,228.2478581904568,211.8311271151451,242.63241093216868,227.35570713648158
5.0,20000.0,0.5,43.0,100.0,715.9349776906505,722.3587410924672,679.3120775936019,732.2092888792818
5.0,20000.0,0.5,44.0,100.0,301.84731426070687,301.791498249708,313.0091139501315,292.42228135344675
5.0,20000.0,0.5,45.0,100.0,666.3067780051452,665.032344117083,763.4159332159192,651.6953291659669
5.0,20000.0,0.5,46.0,100.0,473.5148117026452,475.1022092246318,519.2611734041209,470.2415232379371
5.0,20000.0,0.5,47.0,100.0,455.5235389032135,435.03615951780716,469.7580662771154,462.78307514639846
5.0,20000.0,0.5,48.0,100.0,362.1596171840867,421.43143547658656,383.5564531430191,372.05690711640887
5.0,20000.0,0.5,49.0,100.0,244.7884619609036,237.739164347188,290.1176748560222,245.11533627828842
5.0,20000.0,0.5,50.0,100.0,853.7800025058717,838.2697239326168,940.1403308437808,913.0692489269763
5.0,20000.0,0.5,51.0,100.0,515.9765898501172,541.166862840559,540.0790878280487,562.9440306314816
5.0,20000.0,0.5,52.0,100.0,803.4986601145457,847.8553927848807,910.8422109797408,843.2517747656135
5.0,20000.0,0.5,53.0,100.0,328.84058452228413,347.84837604326447,340.2752089918988,360.2774909918205
5.0,20000.0,0.5,54.0,100.0,378.8842449737142,399.8387853066384,454.1607188786233,405.56639404244834
5.0,20000.0,0.5,55.0,100.0,700.1603796271971,712.088846627535,675.7252554379578,742.3197089059836
5.0,20000.0,0.5,56.0,100.0,878.5818248353287,887.7371977549424,1004.8197191716713,874.1902218706305
5.0,20000.0,0.5,57.0,100.0,317.1628296147485,266.27077255936473,306.4827397848102,333.17430607405026
5.0,20000.0,0.5,58.0,100.0,451.7976698687661,440.6022975638955,449.8283547846534,435.6721967685041
5.0,20000.0,0.5,59.0,100.0,515.9032256408767,519.4934719883903,525.3644527322484,564.1077606374013
5.0,20000.0,0.5,60.0,100.0,340.53501603893164,337.65290860017575,373.13756868452657,327.0781441669423
5.0,20000.0,0.5,61.0,100.0,480.3149152530237,476.1519005481264,528.298404103045,484.81342705810096
5.0,20000.0,0.5,62.0,100.0,455.62913581012236,425.888837880814,510.4314520316352,453.0997372997104
5.0,20000.0,0.5,63.0,100.0,666.0785408981734,598.7330078350756,649.5503018338349,706.7226845755707
5.0,20000.0,0.5,64.0,100.0,380.00166321466384,417.4623988515048,396.1273945295113,405.1803065035084
5.0,20000.0,0.5,65.0,100.0,667.0406282652111,647.8808731805042,643.9411363525137,648.6559101659453
5.0,20000.0,0.5,66.0,100.0,915.4371093087274,829.2768140146457,914.8982639838963,890.8419069356328
5.0,20000.0,0.5,67.0,100.0,430.1106110553121,406.3124183537709,482.67391788205583,450.7285171375126
5.0,20000.0,0.5,68.0,100.0,655.5742891883592,681.310007188197,666.5327440403743,708.3023160709839
5.0,20000.0,0.5,69.0,100.0,520.7001253708012,471.61723618776057,552.8166905235508,532.9198884428004
5.0,20000.0,0.5,70.0,100.0,372.564931490206,377.019175339306,392.6757334569513,376.4571822334794
5.0,20000.0,0.5,71.0,100.0,416.0377374583898,424.35447017598165,473.20589539660966,402.75691659372495
5.0,20000.0,0.5,72.0,100.0,519.294709690233,520.1446085409639,503.3066940427584,558.5509334742186
5.0,20000.0,0.5,73.0,100.0,537.8169849685469,537.7748104815091,606.3422858385029,518.3525132631369
5.0,20000.0,0.5,74.0,100.0,863.3951727121373,844.9148565689336,909.8535188439813,883.263066236789
5.0,20000.0,0.5,75.0,100.0,263.36255210962986,285.0410856264122,297.3363485577937,241.8112108183548
5.0,20000.0,0.5,76.0,100.0,638.1969832721435,643.853392353172,646.02474995617,633.6150504482879
5.0,20000.0,0.5,77.0,100.0,426.6781439179985,446.976812194154,419.9722949667383,423.6757531009365
5.0,20000.0,0.5,78.0,100.0,599.7207943461793,586.1312254103692,701.9773323916182,605.977070558453
5.0,20000.0,0.5,79.0,100.0,409.43061295180235,403.408025435725,467.5153795533517,431.26490232211717
5.0,20000.0,0.5,80.0,100.0,395.61355338993286,382.3318464914048,442.9581599859733,381.2526437357106
5.0,20000.0,0.5,81.0,100.0,1019.6431879870848,974.1632938907976,1044.836209145341,922.3817877015396
5.0,20000.0,0.5,82.0,100.0,808.1482662644956,803.4691983389328,883.3463908085904,818.2821027737517
5.0,20000.0,0.5,83.0,100.0,559.1726268876073,570.3070752787007,540.1098329965537,564.706498731563
5.0,20000.0,0.5,84.0,100.0,533.2949942194793,514.0520537671125,544.059153966136,547.7559513333
5.0,20000.0,0.5,85.0,100.0,174.25218036488243,154.98690111222552,229.88224779693647,195.35603700359903
5.0,20000.0,0.5,86.0,100.0,703.0017046476711,668.4558564559794,771.8793231116869,684.4179086269952
5.0,20000.0,0.5,87.0,100.0,744.7648101911694,790.3296784464658,756.190263424613,776.4457081758087
5.0,20000.0,0.5,88.0,100.0,400.43283465686216,385.4021562063908,390.42705473460677,361.2476168787717
5.0,20000.0,0.5,89.0,100.0,575.2189334023514,613.0850911472595,622.6091830416248,585.846910711095
5.0,20000.0,0.5,90.0,100.0,1071.7121179234698,1035.2489845119494,1058.0209865913137,1102.3942007399044
5.0,20000.0,0.5,91.0,100.0,690.4132142629362,646.4608815264837,735.8803639882892,690.031495901254
5.0,20000.0,0.5,92.0,100.0,884.3252798877777,885.397823272814,1018.0661206964336,896.1231265855592
5.0,20000.0,0.5,93.0,100.0,676.1146555633977,709.2877834051817,669.9158164556468,681.8241082592177
5.0,20000.0,0.5,94.0,100.0,437.17863397392546,400.65791917432426,499.89588035269793,406.315093702275
5.0,20000.0,0.5,95.0,100.0,825.2386634575537,808.5429525399907,834.2060578824724,841.188943782819
5.0,20000.0,0.5,96.0,100.0,382.114322325229,369.93636713135817,403.44324916536203,372.59372193673187
5.0,20000.0,0.5,97.0,100.0,500.8199868499379,508.67647647071715,473.8063618159215,505.7375531110346
5.0,20000.0,0.5,98.0,100.0,588.5733227978848,600.9552080305754,571.4846650203458,639.1873195786469
5.0,20000.0,0.5,99.0,100.0,512.6153307238745,512.4337758736992,516.3930317662509,497.9051140383474
5.0,20000.0,0.5,100.0,100.0,735.8929120594604,774.8635853485388,748.1740790022999,624.7713044839338
